{"cameraMode":{"drawMode":0,"name":"Shaded","section":"Shading Mode"},"sceneLighting":false,"audioPlay":false,"sceneViewState":{"showFog":false,"showMaterialUpdate":false,"showSkybox":false,"showFlares":false,"showImageEffects":false,"showParticleSystems":false},"in2DMode":false,"pivot":{"x":-3.631831169128418,"y":-1.5355651378631592,"z":-33.10149383544922},"rotation":{"x":0.09774893522262573,"y":-0.8609151840209961,"z":0.18079568445682527,"w":0.4654247462749481},"size":10.898290634155274,"orthographic":false}