{"cameraMode":{"drawMode":0,"name":"Shaded","section":"Shading Mode"},"sceneLighting":false,"audioPlay":false,"sceneViewState":{"showFog":false,"showMaterialUpdate":false,"showSkybox":false,"showFlares":false,"showImageEffects":false,"showParticleSystems":false},"in2DMode":false,"pivot":{"x":0.0001761317253112793,"y":0.007793545722961426,"z":0.023096561431884767},"rotation":{"x":0.18700115382671357,"y":-0.5616340041160584,"z":0.13209569454193116,"w":0.7950790524482727},"size":4.767660617828369,"orthographic":false}