{"cameraMode":{"drawMode":0,"name":"Shaded","section":"Shading Mode"},"sceneLighting":false,"audioPlay":false,"sceneViewState":{"showFog":false,"showMaterialUpdate":false,"showSkybox":false,"showFlares":false,"showImageEffects":false,"showParticleSystems":false},"in2DMode":false,"pivot":{"x":-2.2798166275024416,"y":-6.817865371704102,"z":19.84961700439453},"rotation":{"x":0.1650414764881134,"y":-0.034018624573946,"z":0.00569782592356205,"w":0.9856919050216675},"size":16.229717254638673,"orthographic":false}