{"cameraMode":{"drawMode":0,"name":"Shaded","section":"Shading Mode"},"sceneLighting":false,"audioPlay":false,"sceneViewState":{"showFog":false,"showMaterialUpdate":false,"showSkybox":false,"showFlares":false,"showImageEffects":false,"showParticleSystems":false},"in2DMode":false,"pivot":{"x":0.0004227757453918457,"y":-0.002924501895904541,"z":0.20192980766296388},"rotation":{"x":0.09774893522262573,"y":-0.8609151840209961,"z":0.18079568445682527,"w":0.4654247462749481},"size":6.890474796295166,"orthographic":false}