{"cameraMode":{"drawMode":0,"name":"Shaded","section":"Shading Mode"},"sceneLighting":false,"audioPlay":false,"sceneViewState":{"showFog":false,"showMaterialUpdate":false,"showSkybox":false,"showFlares":false,"showImageEffects":false,"showParticleSystems":false},"in2DMode":false,"pivot":{"x":-2.2798166275024416,"y":-6.817865371704102,"z":19.84961700439453},"rotation":{"x":0.359975665807724,"y":-0.11848500370979309,"z":0.04614829272031784,"w":0.9242645502090454},"size":20.33928108215332,"orthographic":false}