{"cameraMode":{"drawMode":0,"name":"Shaded","section":"Shading Mode"},"sceneLighting":true,"audioPlay":false,"sceneViewState":{"showFog":false,"showMaterialUpdate":false,"showSkybox":false,"showFlares":false,"showImageEffects":false,"showParticleSystems":false},"in2DMode":false,"pivot":{"x":150.65786743164063,"y":260.6218566894531,"z":-743.6724243164063},"rotation":{"x":0.46803197264671328,"y":-0.22450527548789979,"z":0.12425631284713745,"w":0.8456389307975769},"size":6.08420467376709,"orthographic":false}