{"cameraMode":{"drawMode":0,"name":"Shaded","section":"Shading Mode"},"sceneLighting":false,"audioPlay":false,"sceneViewState":{"showFog":false,"showMaterialUpdate":false,"showSkybox":false,"showFlares":false,"showImageEffects":false,"showParticleSystems":false},"in2DMode":false,"pivot":{"x":-3.631831169128418,"y":-1.5355651378631592,"z":-33.10149383544922},"rotation":{"x":0.055090948939323428,"y":-0.7051712870597839,"z":0.055107247084379199,"w":0.704765260219574},"size":10.898290634155274,"orthographic":false}