{"cameraMode":{"drawMode":0,"name":"Shaded","section":"Shading Mode"},"sceneLighting":false,"audioPlay":false,"sceneViewState":{"showFog":false,"showMaterialUpdate":false,"showSkybox":false,"showFlares":false,"showImageEffects":false,"showParticleSystems":false},"in2DMode":false,"pivot":{"x":-3.631831169128418,"y":-1.5355651378631592,"z":-33.10149383544922},"rotation":{"x":-0.23734834790229798,"y":-0.2967221438884735,"z":0.07640784233808518,"w":-0.9218502044677734},"size":3.942532777786255,"orthographic":false}