{"cameraMode":{"drawMode":0,"name":"Shaded","section":"Shading Mode"},"sceneLighting":false,"audioPlay":false,"sceneViewState":{"showFog":false,"showMaterialUpdate":false,"showSkybox":false,"showFlares":false,"showImageEffects":false,"showParticleSystems":false},"in2DMode":false,"pivot":{"x":-3.4639949798583986,"y":-3.069112539291382,"z":-0.4999990463256836},"rotation":{"x":0.01717289537191391,"y":-0.8987070918083191,"z":0.43678632378578188,"w":0.03533337265253067},"size":31.695472717285158,"orthographic":false}