{"cameraMode":{"drawMode":0,"name":"Shaded","section":"Shading Mode"},"sceneLighting":false,"audioPlay":false,"sceneViewState":{"showFog":false,"showMaterialUpdate":false,"showSkybox":false,"showFlares":false,"showImageEffects":false,"showParticleSystems":false},"in2DMode":false,"pivot":{"x":-1.6823806762695313,"y":0.15855121612548829,"z":-29.538909912109376},"rotation":{"x":0.05346071347594261,"y":0.9275364875793457,"z":-0.14588192105293275,"w":0.33993977308273318},"size":6.938154220581055,"orthographic":false}