{"cameraMode":{"drawMode":0,"name":"Shaded","section":"Shading Mode"},"sceneLighting":false,"audioPlay":false,"sceneViewState":{"showFog":false,"showMaterialUpdate":false,"showSkybox":false,"showFlares":false,"showImageEffects":false,"showParticleSystems":false},"in2DMode":false,"pivot":{"x":12.399999618530274,"y":0.7099999189376831,"z":-33.0099983215332},"rotation":{"x":0.07324016094207764,"y":0.9245628714561462,"z":-0.22919803857803346,"w":0.2954450845718384},"size":7.752871036529541,"orthographic":false}