{"cameraMode":{"drawMode":0,"name":"Shaded","section":"Shading Mode"},"sceneLighting":false,"audioPlay":false,"sceneViewState":{"showFog":false,"showMaterialUpdate":false,"showSkybox":false,"showFlares":false,"showImageEffects":false,"showParticleSystems":false},"in2DMode":false,"pivot":{"x":0.00015592575073242188,"y":-0.40000009536743166,"z":-35.55379104614258},"rotation":{"x":-0.1262006014585495,"y":0.803878664970398,"z":-0.18398670852184297,"w":-0.5513850450515747},"size":5.083759784698486,"orthographic":false}