{"cameraMode":{"drawMode":0,"name":"Shaded","section":"Shading Mode"},"sceneLighting":false,"audioPlay":false,"sceneViewState":{"showFog":false,"showMaterialUpdate":false,"showSkybox":false,"showFlares":false,"showImageEffects":false,"showParticleSystems":false},"in2DMode":false,"pivot":{"x":-1.6823806762695313,"y":0.15855121612548829,"z":-29.538909912109376},"rotation":{"x":-0.09478504955768585,"y":0.5650537014007568,"z":-0.06555116176605225,"w":-0.8169780969619751},"size":6.938154220581055,"orthographic":false}