{"cameraMode":{"drawMode":0,"name":"Shaded","section":"Shading Mode"},"sceneLighting":false,"audioPlay":false,"sceneViewState":{"showFog":false,"showMaterialUpdate":false,"showSkybox":false,"showFlares":false,"showImageEffects":false,"showParticleSystems":false},"in2DMode":false,"pivot":{"x":7.990828514099121,"y":7.544266700744629,"z":11.157208442687989},"rotation":{"x":-0.015597986988723278,"y":0.6306077837944031,"z":0.012678387574851513,"w":0.7758413553237915},"size":18.553146362304689,"orthographic":false}