{"cameraMode":{"drawMode":0,"name":"Shaded","section":"Shading Mode"},"sceneLighting":true,"audioPlay":false,"sceneViewState":{"showFog":false,"showMaterialUpdate":false,"showSkybox":false,"showFlares":false,"showImageEffects":false,"showParticleSystems":false},"in2DMode":false,"pivot":{"x":355.6141052246094,"y":210.1652374267578,"z":165.44476318359376},"rotation":{"x":-0.07669013738632202,"y":-0.03379611670970917,"z":0.002601336222141981,"w":-0.9964805245399475},"size":406.969482421875,"orthographic":false}