{"cameraMode":{"drawMode":0,"name":"Shaded","section":"Shading Mode"},"sceneLighting":true,"audioPlay":false,"sceneViewState":{"showFog":false,"showMaterialUpdate":false,"showSkybox":false,"showFlares":false,"showImageEffects":false,"showParticleSystems":false},"in2DMode":false,"pivot":{"x":272.8265380859375,"y":438.12896728515627,"z":0.125213623046875},"rotation":{"x":0.017391318455338479,"y":0.025491340085864068,"z":-0.0004423458012752235,"w":0.9995236992835999},"size":399.8739318847656,"orthographic":false}