{"cameraMode":{"drawMode":0,"name":"Shaded","section":"Shading Mode"},"sceneLighting":true,"audioPlay":false,"sceneViewState":{"showFog":false,"showMaterialUpdate":false,"showSkybox":false,"showFlares":false,"showImageEffects":false,"showParticleSystems":false},"in2DMode":false,"pivot":{"x":0.00015592575073242188,"y":-0.40000009536743166,"z":-33.25379180908203},"rotation":{"x":0.11612613499164581,"y":0.013408075086772442,"z":-0.0015667694387957454,"w":0.9931460618972778},"size":23.644319534301759,"orthographic":false}