{"cameraMode":{"drawMode":0,"name":"Shaded","section":"Shading Mode"},"sceneLighting":true,"audioPlay":false,"sceneViewState":{"showFog":false,"showMaterialUpdate":false,"showSkybox":false,"showFlares":false,"showImageEffects":false,"showParticleSystems":false},"in2DMode":false,"pivot":{"x":193.00962829589845,"y":397.0489501953125,"z":205.49114990234376},"rotation":{"x":-0.07669013738632202,"y":-0.03379611670970917,"z":0.002601336222141981,"w":-0.9964805245399475},"size":536.4652709960938,"orthographic":false}