{"cameraMode":{"drawMode":0,"name":"Shaded","section":"Shading Mode"},"sceneLighting":true,"audioPlay":false,"sceneViewState":{"showFog":false,"showMaterialUpdate":false,"showSkybox":false,"showFlares":false,"showImageEffects":false,"showParticleSystems":false},"in2DMode":false,"pivot":{"x":132.82162475585938,"y":854.7628784179688,"z":516.5658569335938},"rotation":{"x":0.033890459686517718,"y":0.008995472453534603,"z":-0.0003042386961169541,"w":0.9993850588798523},"size":1719.810546875,"orthographic":false}